{"_step":99,"epoch":99,"rmin":1.0921435356140137,"_timestamp":1.754312622050501e+09,"_runtime":50,"rmax":999.9761352539062,"_wandb":{"runtime":50},"ffl_loss":0.04981919750571251,"alpha":4.27536153793335,"lr":0.1}