{"_timestamp":1.7543127345721977e+09,"ffl_loss":0.049760766327381134,"rmax":999.9453125,"lr":0.1,"_runtime":48,"epoch":99,"rmin":0.7578774094581604,"alpha":4.1378302574157715,"_step":99,"_wandb":{"runtime":48}}